﻿<DataObject comparison="Ordinal">
  <Section id="">
    <Subsections>
      <Section id="General">
        <Subsections />
        <Entries>
          <Entry key="ElapsedTime">
            <double>11.457016099999999</double>
          </Entry>
          <Entry key="StartedAt">
            <dateTime>2021-06-19T12:08:46.3542651+05:30</dateTime>
          </Entry>
          <Entry key="EndedAt">
            <dateTime>2021-06-19T12:08:57.8112812+05:30</dateTime>
          </Entry>
          <Entry key="ReplayStatus">
            <LastReplayRunStatus>Failed</LastReplayRunStatus>
          </Entry>
          <Entry key="NumberOfReplayErrors">
            <int>3</int>
          </Entry>
          <Entry key="NumberOfReplayCriticalErrors">
            <int>3</int>
          </Entry>
          <Entry key="NumberOfCompilationErrors">
            <int>0</int>
          </Entry>
        </Entries>
      </Section>
    </Subsections>
    <Entries>
      <Entry key="Iterations">
        <int>1</int>
      </Entry>
    </Entries>
  </Section>
</DataObject>