[
    {
        "actionName": "Action",
        "steps": [
            {
                "stepId": "STEP1",
                "stepName": "Url: index.php",
                "infFile": "t1.inf",
                "time": 1611996659019
            },
            {
                "stepId": "STEP2",
                "stepName": "Submit Data: reserve.php",
                "infFile": "t2.inf",
                "time": 1611996661691
            },
            {
                "stepId": "STEP3",
                "stepName": "Submit Data: purchase.php",
                "infFile": "t3.inf",
                "time": 1611996664731
            },
            {
                "stepId": "STEP4",
                "stepName": "Submit Data: confirmation.php",
                "infFile": "t4.inf",
                "time": 1611996670589
            }
        ],
        "transactions": [
            {
                "transactionName": "blazdemo_t01_navigate to reservation page",
                "rawStartTime": 1611996653965,
                "rawEndTime": 1611996659093,
                "thinkTime": 0.0,
                "wastedTime": 0.13968267631530763
            },
            {
                "transactionName": "blazedemo_t02_choose departure...clickflight",
                "rawStartTime": 1611996661128,
                "rawEndTime": 1611996661778,
                "thinkTime": 0.0,
                "wastedTime": 0.03247125244140625
            },
            {
                "transactionName": "blazedemo_t03_choose a flight random,selected first",
                "rawStartTime": 1611996663833,
                "rawEndTime": 1611996664741,
                "thinkTime": 0.0,
                "wastedTime": 0.005182027816772461
            },
            {
                "transactionName": "blazedemo_t04_enter userinfo payment details and click purchase flight",
                "rawStartTime": 1611996666788,
                "rawEndTime": 1611996670602,
                "thinkTime": 0.0,
                "wastedTime": 0.0047454833984375
            }
        ]
    }
]