[
    {
        "actionName": "Action",
        "steps": [
            {
                "stepId": "STEP1",
                "stepName": "Url: index.php",
                "infFile": "t1.inf",
                "time": 1623773962918
            },
            {
                "stepId": "STEP2",
                "stepName": "Submit Data: reserve.php",
                "infFile": "t2.inf",
                "time": 1623773963822
            },
            {
                "stepId": "STEP3",
                "stepName": "Submit Data: purchase.php",
                "infFile": "t3.inf",
                "time": 1623773964499
            },
            {
                "stepId": "STEP4",
                "stepName": "Submit Data: confirmation.php",
                "infFile": "t4.inf",
                "time": 1623773965541
            }
        ],
        "transactions": [
            {
                "transactionName": "BlazeDemo_RandomTicketBooking_T01_HomePage",
                "rawStartTime": 1623773960953,
                "rawEndTime": 1623773962926,
                "thinkTime": 0.0,
                "wastedTime": 0.21698951721191407
            },
            {
                "transactionName": "BlazeDemo_RandomTicketBooking_T02_SelectDepCityDestCity",
                "rawStartTime": 1623773963022,
                "rawEndTime": 1623773963829,
                "thinkTime": 0.0,
                "wastedTime": 0.02590465545654297
            },
            {
                "transactionName": "BlazeDemo_RandomTicketBooking_T03_SelectRandomFlight",
                "rawStartTime": 1623773963861,
                "rawEndTime": 1623773964507,
                "thinkTime": 0.0,
                "wastedTime": 0.02243518829345703
            },
            {
                "transactionName": "BlazeDemo_RandomTicketBooking_T04_EnterPaymentDetails",
                "rawStartTime": 1623773964539,
                "rawEndTime": 1623773965548,
                "thinkTime": 0.0,
                "wastedTime": 0.02591848373413086
            }
        ]
    }
]