<?xml version="1.0" encoding="Windows-1252"?><Metadata><Ms><It Ln="54" O="0" M="Utt.Debugger.Warning" T="warning: unrecognized character escape sequence `\/'&#xD;&#xA;"><P F="C:\Users\Laxman\Documents\SharpDevelop Projects\WebTours\blazedemo\book_a_flight\Action.c" N="19" C="0" /></It><It Ln="54" O="0" M="Utt.Debugger.Warning" T="warning: unrecognized character escape sequence `\/'&#xD;&#xA;"><P F="C:\Users\Laxman\Documents\SharpDevelop Projects\WebTours\blazedemo\book_a_flight\Action.c" N="25" C="0" /></It><It Ln="18" O="0" M="Utt.Debugger.Info" T="No errors detected" /></Ms></Metadata>