[
    {
        "actionName": "Action",
        "steps": [
            {
                "stepId": "STEP1",
                "stepName": "Url: blazedemo.com",
                "infFile": "t1.inf",
                "time": 1611948579306
            },
            {
                "stepId": "STEP2",
                "stepName": "Submit Data: reserve.php",
                "infFile": "t2.inf",
                "time": 1611948579835
            },
            {
                "stepId": "STEP3",
                "stepName": "Submit Data: purchase.php",
                "infFile": "t3.inf",
                "time": 1611948580322
            },
            {
                "stepId": "STEP4",
                "stepName": "Submit Data: confirmation.php",
                "infFile": "t4.inf",
                "time": 1611948580911
            }
        ],
        "transactions": []
    }
]