{"OutputFileHashSum":"70CC03992F2752E56334D57F695806176B97421275247C0B86E532F5BE199210","Converted":true,"OutputModifyDate":"2021-06-15T16:19:25.6063791Z","Metadatas":[{"CategoryName":"VuGen.Replay","Offset":537,"Length":23,"TypeId":1},{"CategoryName":"VuGen.Replay","Offset":1436,"Length":89,"TypeId":3},{"CategoryName":"VuGen.Replay","Offset":1591,"Length":447,"TypeId":2},{"CategoryName":"VuGen.Replay","Offset":2038,"Length":417,"TypeId":2},{"CategoryName":"VuGen.Replay","Offset":3427,"Length":147,"TypeId":3},{"CategoryName":"VuGen.Replay","Offset":3574,"Length":466,"TypeId":4},{"CategoryName":"VuGen.Replay","Offset":4040,"Length":466,"TypeId":4},{"CategoryName":"VuGen.Replay","Offset":4676,"Length":74,"TypeId":2},{"CategoryName":"VuGen.Replay","Offset":4750,"Length":81,"TypeId":2},{"CategoryName":"VuGen.Replay","Offset":4831,"Length":75,"TypeId":2},{"CategoryName":"VuGen.Replay","Offset":4906,"Length":77,"TypeId":2},{"CategoryName":"VuGen.Replay","Offset":4983,"Length":78,"TypeId":2},{"CategoryName":"VuGen.Replay","Offset":5061,"Length":80,"TypeId":2},{"CategoryName":"VuGen.Replay","Offset":5141,"Length":79,"TypeId":2},{"CategoryName":"VuGen.Replay","Offset":5220,"Length":74,"TypeId":2},{"CategoryName":"VuGen.Replay","Offset":5294,"Length":436,"TypeId":4},{"CategoryName":"VuGen.Replay","Offset":5730,"Length":436,"TypeId":4},{"CategoryName":"VuGen.Replay","Offset":6337,"Length":82,"TypeId":2},{"CategoryName":"VuGen.Replay","Offset":6419,"Length":74,"TypeId":2},{"CategoryName":"VuGen.Replay","Offset":6493,"Length":76,"TypeId":2},{"CategoryName":"VuGen.Replay","Offset":6569,"Length":76,"TypeId":2},{"CategoryName":"VuGen.Replay","Offset":6645,"Length":78,"TypeId":2},{"CategoryName":"VuGen.Replay","Offset":6723,"Length":76,"TypeId":2},{"CategoryName":"VuGen.Replay","Offset":6799,"Length":75,"TypeId":2},{"CategoryName":"VuGen.Replay","Offset":6874,"Length":75,"TypeId":2},{"CategoryName":"VuGen.Replay","Offset":6949,"Length":93,"TypeId":4},{"CategoryName":"VuGen.Replay","Offset":7042,"Length":98,"TypeId":4},{"CategoryName":"VuGen.Replay","Offset":7140,"Length":72,"TypeId":2},{"CategoryName":"VuGen.Replay","Offset":7212,"Length":94,"TypeId":4},{"CategoryName":"VuGen.Replay","Offset":7306,"Length":93,"TypeId":4},{"CategoryName":"VuGen.Replay","Offset":7399,"Length":67,"TypeId":2},{"CategoryName":"VuGen.Replay","Offset":7466,"Length":102,"TypeId":3},{"CategoryName":"VuGen.Replay","Offset":7644,"Length":91,"TypeId":4},{"CategoryName":"VuGen.Replay","Offset":7735,"Length":86,"TypeId":4},{"CategoryName":"VuGen.Replay","Offset":8857,"Length":160,"TypeId":3},{"CategoryName":"VuGen.Replay","Offset":9017,"Length":99,"TypeId":3},{"CategoryName":"VuGen.Replay","Offset":9193,"Length":91,"TypeId":4},{"CategoryName":"VuGen.Replay","Offset":9284,"Length":86,"TypeId":4},{"CategoryName":"VuGen.Replay","Offset":10268,"Length":158,"TypeId":3},{"CategoryName":"VuGen.Replay","Offset":10426,"Length":101,"TypeId":3},{"CategoryName":"VuGen.Replay","Offset":11517,"Length":159,"TypeId":3},{"CategoryName":"VuGen.Replay","Offset":11699,"Length":21,"TypeId":1}],"MetadataTypes":[{"CategoryName":"VuGen.Replay","MetadataTypeName":"HP.LR.Vugen.Iteration","Id":1},{"CategoryName":"VuGen.Replay","MetadataTypeName":"HP.LR.Vugen.NotifySavingParameter","Id":2},{"CategoryName":"VuGen.Replay","MetadataTypeName":"HP.LR.Vugen.NotifyTransaction","Id":3},{"CategoryName":"VuGen.Replay","MetadataTypeName":"HP.LR.Vugen.NotifyParameterSubstitution","Id":4}]}